{"c_list": {"primary": [[215, 213, 216]], "secondary": [[40, 45, 57]]}, "data": [{"colors": {"1": {"rgb": [215, 213, 216], "percent": 0.70526951532538129}, "2": {"rgb": [40, 45, 57], "percent": 0.29473048467461876}}, "id": 1, "name": "Air-Jordan-4-Retro-Midnight-Navy.jpg"}], "pc_list": [[0.70526951532538129, 0.29473048467461876]]}